{"avgPrice":51397.53226755433,"avgSize":33023570.871339895}