{"avgPrice":2438659.0343647767,"avgSize":45518.455227574195}