{"avgPrice":2453427.4109612475,"avgSize":1941089.6288383103}