{"avgPrice":3088636.3850300293,"avgSize":5127635.615347804}