{"avgPrice":2417670.0669649164,"avgSize":7822.010056587999}